round,slot,id,cmd,args,candidate_frames,reply_hex
0,0,255,94,[],1,010002
0,1,255,11,[],5,2001f8fffb0088ff0200c8ff12081b08d8067c071a088705|2001f8fffb0088ff0200c8ff12081b08d8067c071b088705|2001f8fffb0088ff0200c8ff12081b08d8067c071a088705|2001f8fffb0088ff0200c8ff12081b08d8067c071a088705|2001f8fffb0088ff0200c8ff12081b08d8067c071a088705
0,2,255,75,[6],1,06e803
0,3,255,77,[6],1,060101
0,4,255,73,[6],1,0600
0,5,255,71,[6],1,06143214
0,6,6,1,[],0,
0,7,6,2,"[40, 1]",0,
0,8,6,2,"[42, 2]",0,
0,9,6,2,"[33, 1]",0,
0,10,6,2,"[56, 2]",0,
1,0,255,94,[],1,010002
1,1,255,11,[],5,2001f8fffb0088ff0200c8ff12081b08d8067c071b088705|2001f8fffb0088ff0200c8ff12081b08d8067c071a088705|2001f8fffb0088ff0200c8ff12081b08d8067c071a088705|2001f8fffb0088ff0200c8ff12081b08d8067c071a088705|2001f8fffb0088ff0200c8ff12081b08d8067c071a088705
1,2,255,75,[6],1,06e803
1,3,255,77,[6],1,060101
1,4,255,73,[6],1,0600
1,5,255,71,[6],1,06143214
1,6,6,1,[],0,
1,7,6,2,"[40, 1]",0,
1,8,6,2,"[42, 2]",0,
1,9,6,2,"[33, 1]",0,
1,10,6,2,"[56, 2]",0,
